{"AzfDQ3zIMEieQV1INtFCMA==":"ighero-970x814.png","yBksujmbcDqUsTmOlEPDJw==":"ighero-1-970x814.png","3jpQk/v4eRWMRcun5u0fYQ==":"mbr-900x1168.png","GSaRiCRYomiq04dPGJlD1Q==":"mbr-1266x844.jpg","gr4UPdsQvIpV5JenKgA1Og==":"mbr-1-1266x844.jpg","23aEMs6KZ6dV/EVfR2sWYQ==":"hero%20banner-640x640.jpeg","Dg5oKg65vMbI9Yr2vjZznA==":"hero%20banner-640x640.jpeg","GJcYND/lZu8zM1iaMEkfjA==":"1-640x640.jpg","JZ4Vnv4V77rP/3fsiYPFaw==":"2-640x640.jpg","e19yfmHBT0NmssXWikYN3w==":"3-640x640.jpg","dAFwmRZMbiu6GFjjHHnkbA==":"ighero-2-970x814.png","JCNj8yBjhqf2c70Fw5EyCw==":"img-1983-2000x1500.jpeg","9t68NM9kBZOlCuAxALeLZg==":"img-1479-2000x1500.jpg","2EavRI8KmCuBPhPzlWA51w==":"bbq%20with%20stone%20and%20glass%20tile-900x675.jpg","KfKwaDZ9hhpV6A3nlVitnA==":"img-1983-3264x2448.jpg","RsqY3/2f6NZZSMBQfq6fGg==":"img-495-900x675.jpg","b+cROWmtgYtCA1U5i1MW4Q==":"img-860-900x675.jpg","vhpgdh4WVa0XUFnTNG7yzQ==":"fire%20place2-900x675.jpg","sqdGePRfF6JjZ+L7fQWPeg==":"precast%20block%20caps%20fountain-640x480.jpg","yWMO/AYuEd55rXHx6gEY9g==":"dscn0784-900x675.jpg","piMNVkeKpEhjkV3DAEBdLw==":"img-1876-1632x1224.png","mkweUW9TKaPvo7yhPYaTEg==":"image0-900x675.jpg","gLQi3Auly/jHZrSywTB63A==":"image1-900x675.jpg","cpzoobDH7EL3xcsFM7vSlA==":"image2-900x1200.jpeg","MTiGcIInCiaMVKgRqqIRCQ==":"image3-900x599.jpg"}